amount,product_name,created_time
18.5,A,2019-06-19 13:23:00.067515
17.75,A,2019-07-09 18:55:15.068150
17.75,A,2019-07-11 23:13:55.494677
17.75,A,2019-07-12 17:01:34.077648
17.75,A,2019-07-24 19:40:44.300688
17.75,A,2019-07-29 15:01:44.524884
18.5,A,2019-08-06 16:49:47.715779
18.25,A,2019-08-07 05:15:02.258781
17.75,A,2019-08-07 12:35:34.800626
17.75,A,2019-08-07 12:56:26.506737
17.75,A,2019-08-07 14:20:39.482045
20,A,2019-12-19 17:57:08.266732
20,A,2020-01-09 01:14:15.040903
20,A,2020-01-11 19:06:53.540725
20.1,A,2020-02-07 14:17:54.838349
20.1,A,2020-02-13 17:48:39.762933
20.1,A,2020-02-15 17:05:40.144948
20.1,A,2020-02-23 19:36:11.072570
20.1,A,2020-02-28 00:28:07.109448
20.1,A,2020-03-02 22:49:49.121368
20.1,A,2020-03-07 13:35:50.847508
20.1,A,2020-03-07 13:39:10.761496
20.1,A,2020-03-11 01:07:40.161360
20.1,A,2020-03-14 13:28:52.964770
20.1,A,2020-03-14 19:28:30.785169
20.1,A,2020-03-16 13:14:25.799119
20.1,A,2020-03-16 13:35:07.474985
20.1,A,2020-03-17 12:14:26.949745
20.1,A,2020-03-17 17:33:40.601377
20.1,A,2020-03-19 00:26:30.471908
20.1,A,2020-03-19 15:58:23.823148
20.1,A,2020-03-20 13:40:23.504675
20.1,A,2020-03-20 14:15:17.049568
20.1,A,2020-03-20 15:47:22.100274
20.1,A,2020-03-20 21:31:33.178026
48.8,A,2019-09-17 06:42:20.223828
48.8,A,2019-09-27 20:49:08.973911
23.8,A,2020-02-09 19:03:44.854672
23.8,A,2020-02-10 13:00:41.331191
23.8,A,2020-02-28 15:48:57.588513
23.8,A,2020-05-15 15:30:45.557370
23.8,A,2020-06-09 18:41:03.417845
23.8,A,2020-06-23 13:39:46.979892
23.8,A,2020-07-16 10:02:29.300810
23.75,A,2020-07-27 20:38:39.499081
23.8,A,2020-08-14 22:21:00.116783
23.8,A,2020-08-21 11:17:43.031605
9.65,A,2020-04-03 15:03:38.723364
9.7,A,2020-04-29 10:50:46.908509
9.65,A,2020-05-31 03:03:07.876672
9.7,A,2020-06-01 14:52:03.027874
9.7,A,2020-06-09 18:40:53.694027
9.65,A,2020-06-11 12:58:11.006617
9.7,A,2020-06-23 13:39:36.659122
9.65,A,2020-07-06 22:26:40.320114
9.7,A,2020-07-17 18:25:04.218637
9.65,A,2020-07-27 20:38:29.924527
9.7,A,2020-08-12 00:58:58.238698
9.7,A,2020-08-14 00:16:40.232759
9.7,A,2020-08-18 16:34:53.131714
9.7,A,2020-08-25 19:19:35.569269
9.7,A,2020-09-02 03:54:27.257385
9.7,A,2020-09-06 13:20:38.824938
9.7,A,2020-09-07 08:33:17.310033
9.7,A,2020-09-15 11:20:58.632230
9.7,A,2020-10-15 23:51:48.839854
54.75,A,2019-07-04 15:59:26.549947
54.75,A,2019-07-08 19:39:12.314400
54.75,A,2019-07-17 10:19:09.138752
54.6,A,2019-09-04 15:48:43.295156
54.5,A,2019-09-05 06:36:37.863184
54.75,A,2019-09-06 08:54:58.388242
54.6,A,2019-09-17 07:23:30.265112
53,A,2019-10-28 19:14:26.730607
53.1,A,2019-11-02 13:07:59.128090
53,A,2019-11-04 05:16:19.572234
53.1,A,2019-11-04 19:05:34.005410
53,A,2019-11-07 10:15:29.655621
53,A,2019-11-08 16:31:49.733525
53.1,A,2019-11-08 16:37:53.080557
53.1,A,2019-11-24 19:57:16.243716
53.1,A,2019-11-25 09:54:57.166746
53.1,A,2019-11-25 17:31:59.492932
53.1,A,2019-11-26 12:26:01.260432
53,A,2019-11-26 12:26:51.960033
53,A,2019-11-26 16:05:36.714002
53,A,2019-11-26 16:12:17.742571
53.1,A,2019-11-28 08:45:11.783284
53.1,A,2019-11-28 16:00:56.435589
53,A,2019-12-05 09:44:29.941517
53,A,2019-12-05 14:37:44.799608
53,A,2019-12-19 18:28:49.622602
53.1,A,2019-12-22 16:49:57.194265
53,A,2019-12-24 18:12:40.707294
53,A,2019-12-30 18:47:59.324280
53,A,2020-01-02 17:20:03.723888
53,A,2020-01-05 20:15:58.713821
53.1,A,2020-01-06 13:40:34.377152
53.8,A,2020-01-06 22:04:36.211331
54,A,2020-01-07 12:37:15.836852
53.8,A,2020-01-08 21:34:23.194536
54,A,2020-01-10 07:50:48.060463
53.95,A,2020-01-17 22:36:49.584578
53.95,A,2020-01-18 04:34:42.586600
54,A,2020-01-19 02:58:10.621887
53.95,A,2020-01-29 21:33:54.008479
54,A,2020-02-01 17:52:53.414537
53.95,A,2020-02-05 11:35:56.638108
53.8,A,2020-02-08 19:30:49.718996
53.95,A,2020-02-10 16:48:32.098103
54,A,2020-02-16 20:46:10.763895
53.8,A,2020-02-18 19:40:11.263621
54,A,2020-02-19 07:56:04.631462
53.8,A,2020-02-19 09:39:51.745017
54,A,2020-02-20 12:53:02.067139
54,A,2020-02-22 09:10:01.346804
54,A,2020-02-22 16:25:32.443610
54,A,2020-02-22 17:55:20.190186
54,A,2020-02-24 08:34:59.319648
54,A,2020-02-24 15:31:08.578694
54,A,2020-02-26 09:56:16.482363
54,A,2020-02-29 10:13:05.412001
54,A,2020-02-29 19:12:16.619231
53.8,A,2020-03-01 11:00:23.930660
53.95,A,2020-03-03 18:38:32.098417
53.8,A,2020-03-10 18:21:36.112498
53.8,A,2020-03-22 14:38:42.016179
54,A,2020-03-22 16:13:49.818674
54,A,2020-03-28 18:12:38.020912
54,A,2020-03-29 10:53:00.483183
53.8,A,2020-03-29 20:03:38.362307
53.95,A,2020-03-30 16:27:27.860857
53.8,A,2020-04-02 18:28:49.639357
53.8,A,2020-04-05 22:06:24.059282
54,A,2020-04-12 04:41:56.028272
54,A,2020-04-15 17:51:39.293689
53.8,A,2020-04-17 17:14:39.906868
54,A,2020-04-20 19:50:31.356939
53.95,A,2020-04-23 16:35:04.517140
53.8,A,2020-04-24 19:25:51.968631
54,A,2020-04-27 04:45:26.911649
53.95,A,2020-04-28 00:01:53.196066
53.8,A,2020-05-02 19:18:08.236826
54,A,2020-05-07 16:21:29.007480
53.8,A,2020-05-10 08:15:02.027957
53.95,A,2020-05-10 22:57:53.475769
54,A,2020-05-19 12:20:19.366311
54,A,2020-05-19 12:20:37.155700
53.8,A,2020-05-21 22:43:05.189896
53.8,A,2020-05-25 18:10:33.383683
53.95,A,2020-05-25 20:11:52.486574
54,A,2020-05-25 22:49:55.787145
54,A,2020-05-26 11:49:48.255740
54,A,2020-05-28 09:06:03.137133
54,A,2020-05-30 11:24:02.798580
54,A,2020-06-02 08:59:23.991873
54,A,2020-06-02 12:37:41.015408
54,A,2020-06-03 08:20:29.393442
53.8,A,2020-06-05 20:40:26.910887
54,A,2020-06-07 15:44:28.322542
54,A,2020-06-08 09:33:20.563068
54,A,2020-06-10 15:26:31.750600
53.95,A,2020-06-10 18:03:39.612180
53.8,A,2020-06-11 19:00:27.485555
54,A,2020-06-14 23:06:28.512087
54,A,2020-06-15 11:02:40.792582
53.8,A,2020-06-15 19:59:31.175692
54,A,2020-06-17 14:13:20.400243
54,A,2020-06-18 09:20:00.472221
54,A,2020-06-19 11:21:33.230783
51.5,A,2020-06-23 10:57:55.304461
51.5,A,2020-06-23 13:13:39.869695
51.4,A,2020-06-24 19:27:32.707346
51.5,A,2020-06-25 11:02:40.512747
51.5,A,2020-06-25 13:19:12.500684
51.5,A,2020-06-30 04:29:24.282393
51.45,A,2020-06-30 11:28:05.726290
51.5,A,2020-07-02 08:30:50.869188
51.5,A,2020-07-06 10:54:12.009438
51.4,A,2020-07-06 22:26:03.297266
51.4,A,2020-07-14 08:50:10.469694
51.5,A,2020-07-17 11:20:55.615423
51.45,A,2020-07-21 11:39:28.659184
51.4,A,2020-07-23 23:13:38.123350
51.5,A,2020-07-24 12:56:11.886740
51.5,A,2020-07-27 16:16:33.481032
51.5,A,2020-07-28 06:37:41.945255
51.5,A,2020-07-28 14:39:11.222673
51.5,A,2020-07-28 14:47:13.359377
51.5,A,2020-07-29 14:39:08.222501
51.5,A,2020-07-29 17:38:39.152129
51.5,A,2020-07-31 13:31:27.990910
51.5,A,2020-08-04 07:30:29.938806
51.5,A,2020-08-04 16:48:54.914377
51.5,A,2020-08-05 13:04:05.692639
51.5,A,2020-08-05 14:14:01.082540
51.5,A,2020-08-05 15:38:03.827279
51.5,B,2020-08-06 14:00:32.325823
51.5,B,2020-08-06 20:52:56.651375
51.4,B,2020-08-07 22:08:06.819310
51.45,B,2020-08-08 05:21:03.479874
51.45,B,2020-08-08 05:39:42.306255
51.5,B,2020-08-08 10:01:04.941286
51.5,B,2020-08-08 15:30:09.703694
51.5,B,2020-08-09 12:01:37.402312
51.5,B,2020-08-09 15:36:17.634468
51.5,B,2020-08-10 17:25:38.701910
51.45,B,2020-08-11 03:27:41.984954
55.5,B,2020-08-11 19:29:26.012900
55.4,B,2020-08-12 21:27:34.144390
55.5,B,2020-08-16 09:53:22.381939
55.5,B,2020-08-18 19:37:19.386431
55.5,B,2020-08-21 09:28:20.831075
55.5,B,2020-08-22 10:39:42.889914
55.5,B,2020-08-22 16:15:07.418875
55.5,B,2020-08-25 10:59:34.212806
55.5,B,2020-08-25 11:27:03.076948
55.5,B,2020-08-25 12:27:59.363345
55.4,B,2020-08-25 16:59:42.151905
56,B,2020-08-27 07:15:25.526952
56,B,2020-08-27 07:35:34.387265
56,B,2020-08-27 18:09:33.629932
56,B,2020-08-28 15:39:29.037427
56,B,2020-08-28 17:35:33.708780
56,B,2020-08-29 10:03:26.120412
56,B,2020-08-29 13:37:10.074617
56,B,2020-08-29 13:40:40.030971
56,B,2020-08-30 10:20:45.909456
56,B,2020-08-31 14:27:04.309648
56,B,2020-08-31 20:16:18.783080
58.25,B,2020-10-09 03:30:04.841670
58.35,B,2020-10-09 12:59:08.810787
58.25,B,2020-10-09 19:51:51.953420
58.35,B,2020-10-09 22:45:57.034328
58.25,B,2020-10-10 04:22:02.027979
58.35,B,2020-10-10 13:03:22.133212
58.35,B,2020-10-11 10:33:56.650170
58.35,B,2020-10-12 09:28:00.160397
58.25,B,2020-10-12 10:10:03.646875
58.35,B,2020-10-12 21:52:31.334502
58.35,B,2020-10-13 08:38:19.146468
58.35,B,2020-10-14 21:48:51.329107
58.25,B,2020-10-15 03:40:51.187328
58.25,B,2020-10-15 08:44:15.967055
58.25,B,2020-10-19 16:15:31.392700
58.25,B,2020-10-21 02:20:46.993632
58.35,B,2020-10-21 22:19:04.061487
58.35,B,2020-10-24 03:06:52.404917
58.35,B,2020-10-25 12:34:50.090319
58,B,2020-10-26 20:20:32.692665
58.35,B,2020-10-27 16:03:23.611093
58.25,B,2020-10-28 02:26:05.362746
58.35,B,2020-10-28 12:37:57.163179
58.35,B,2020-10-28 18:17:49.826404
58.35,B,2020-10-28 23:51:14.359678
58.35,B,2020-10-29 05:33:00.966323
58.35,B,2020-10-30 09:14:57.915131
58.35,B,2020-10-30 14:59:47.131956
58.35,B,2020-10-31 09:10:39.600560
58.35,B,2020-10-31 10:20:59.844961
58.25,B,2020-11-01 08:56:41.904906
58.35,B,2020-11-01 16:32:56.331688
58.35,B,2020-11-02 09:32:55.793232
58.35,B,2020-11-02 14:24:33.831110
58,B,2020-11-03 02:23:52.781980
58.25,B,2020-11-03 09:08:59.108264
30.75,B,2019-07-04 15:59:38.411922
30.75,B,2019-07-08 19:39:33.041926
27,B,2019-11-01 13:58:22.333024
26.95,B,2019-11-04 19:25:47.931394
26.95,B,2019-11-08 15:00:55.689993
27,B,2019-11-21 09:26:45.055541
26.95,B,2019-11-26 22:20:38.706614
26.95,B,2019-11-27 15:35:37.242426
26.95,B,2019-12-03 20:06:21.368458
26.95,B,2019-12-11 19:04:28.497482
26.95,B,2019-12-20 19:40:03.374551
26.95,B,2019-12-23 18:28:20.142836
27,B,2019-12-24 09:51:17.106064
27,B,2019-12-26 09:13:00.541973
27,B,2019-12-31 12:26:16.254797
27,B,2020-01-01 09:25:52.693063
27.45,B,2020-01-07 08:11:50.646552
27.45,B,2020-01-07 20:21:17.500657
27.45,B,2020-01-08 10:28:26.939795
27.45,B,2020-01-08 12:46:09.883247
27.45,B,2020-01-15 18:57:54.598991
27.39,B,2020-01-19 02:56:51.314275
27.39,B,2020-01-21 19:38:54.078763
27.39,B,2020-01-23 20:03:36.291402
27.39,B,2020-01-29 21:14:34.676800
27.39,B,2020-02-05 18:45:45.846655
27.35,B,2020-02-08 19:52:19.168962
27.45,B,2020-02-13 21:28:26.556087
27.45,B,2020-02-16 20:46:32.922914
27.39,B,2020-02-19 21:41:00.366983
27.45,B,2020-02-23 12:25:11.201333
27.39,B,2020-03-03 18:37:45.844057
27.45,B,2020-03-08 09:51:40.663880
27.39,B,2020-03-10 18:23:02.091143
27.39,B,2020-03-10 20:26:01.339702
27.45,B,2020-03-15 17:04:17.710689
27.45,B,2020-03-21 16:19:01.131750
27.39,B,2020-03-22 09:54:06.758498
27.45,B,2020-03-25 12:43:23.042186
27.35,B,2020-03-29 20:04:02.216630
27.45,B,2020-03-31 16:06:59.760572
27.39,B,2020-04-02 15:07:31.090961
27.45,B,2020-04-03 08:39:22.967672
27.39,B,2020-04-03 19:16:19.567043
27.45,B,2020-04-05 15:22:27.349699
27.35,B,2020-04-05 22:07:06.494720
27.45,B,2020-04-07 22:58:22.238891
27.45,B,2020-04-08 17:54:17.533018
27.45,B,2020-04-11 16:40:22.980619
27.39,B,2020-04-12 15:18:41.454432
27.35,B,2020-04-20 19:45:42.134737
27.39,B,2020-04-27 04:44:58.010753
27.39,B,2020-05-02 18:12:53.331674
27.35,B,2020-05-02 19:18:30.449019
27.45,B,2020-05-04 15:29:40.486475
27.45,B,2020-05-05 22:31:41.505526
27.39,B,2020-05-07 16:17:14.412012
27.39,B,2020-05-10 22:58:10.637993
27.39,B,2020-05-15 17:04:43.981621
27.35,B,2020-05-21 22:44:17.155152
27.39,B,2020-05-23 16:56:24.021857
27.39,B,2020-05-24 19:00:43.357949
27.39,B,2020-05-29 23:33:51.813301
27.39,B,2020-05-30 11:22:59.362810
27.35,B,2020-06-05 20:39:18.800338
27.39,B,2020-06-09 19:07:28.283743
27.45,B,2020-06-11 15:10:20.115193
27.45,B,2020-06-12 15:34:20.862823
27.35,B,2020-06-15 20:02:07.146512
27.45,B,2020-06-20 19:14:10.139496
26.15,B,2020-06-24 19:33:17.731103
26.2,B,2020-06-27 11:28:45.101711
26.15,B,2020-07-06 22:28:57.373067
26.2,B,2020-07-07 07:43:28.495776
26.2,B,2020-07-16 20:58:27.762453
26.25,B,2020-07-17 07:09:16.556649
26.25,B,2020-07-19 22:49:37.585545
26.15,B,2020-07-23 23:11:34.598201
26.25,B,2020-07-25 15:00:47.519187
26.25,B,2020-07-27 13:10:45.017260
26.25,B,2020-08-02 12:41:09.956322
26.25,B,2020-08-02 17:11:17.385255
26.25,B,2020-08-03 20:06:05.650254
26.25,B,2020-08-04 12:01:00.662891
26.15,B,2020-08-07 22:09:57.281144
26.2,B,2020-08-09 12:00:03.810970
28.95,B,2020-08-14 12:41:40.356306
28.95,B,2020-08-19 11:10:45.099499
28.9,B,2020-08-20 16:10:55.423212
28.9,B,2020-08-25 16:59:02.958930
28.9,B,2020-08-27 19:39:07.154657
28.95,B,2020-08-28 15:21:50.424241
28.95,B,2020-08-29 10:03:34.722849
28.95,B,2020-08-30 12:40:15.463720
28.95,B,2020-08-30 12:58:36.792416
28.9,B,2020-08-31 20:16:40.970699
31.99,B,2020-09-04 11:34:47.562959
31.95,B,2020-09-04 20:39:23.784372
31.99,B,2020-09-05 08:36:50.397456
31.95,B,2020-09-13 18:12:14.704373
31.99,B,2020-09-14 13:29:11.385670
31.99,B,2020-09-14 14:03:57.068939
31.9,B,2020-09-19 01:56:45.548009
31.95,B,2020-09-19 11:22:46.304197
31.99,B,2020-09-22 16:04:42.202456
31.99,B,2020-09-25 15:13:36.454498
31.9,B,2020-09-25 16:21:54.858957
31.99,B,2020-09-29 18:50:59.905698
31.99,B,2020-10-01 08:21:21.365717
31.95,B,2020-10-05 22:05:29.753372
31.99,B,2020-10-08 07:45:33.653268
31.99,B,2020-10-09 22:45:18.744645
31.95,B,2020-10-10 05:39:06.637242
31.95,B,2020-10-11 23:41:31.330507
31.95,B,2020-10-15 17:59:28.345626
31.95,B,2020-10-19 16:14:20.469372
31.9,B,2020-10-26 20:21:45.359234
31.99,B,2020-10-28 13:32:00.265050
24.35,B,2019-07-02 00:35:40.354160
24.35,B,2019-07-03 15:19:54.955582
24.4,B,2019-07-03 20:13:42.361416
24.35,B,2019-07-03 21:58:44.547460
24.35,B,2019-07-04 00:42:03.069263
24.35,B,2019-07-04 20:31:17.086934
24.4,B,2019-07-04 21:07:55.196748
24.35,C,2019-07-06 02:21:28.534978
24.35,C,2019-07-08 12:31:08.051526
24.35,C,2019-07-08 16:18:30.946703
24.4,C,2019-07-08 16:26:43.440572
24.35,C,2019-07-09 03:39:10.654374
24.3,C,2019-07-09 19:26:40.159214
24.35,C,2019-07-10 11:23:19.133034
24.35,C,2019-07-12 14:06:53.555512
24.4,C,2019-07-13 21:14:00.583771
24.35,C,2019-07-14 21:06:07.480820
24.35,C,2019-07-16 21:14:27.362131
24.35,C,2019-07-16 22:36:43.105862
24.4,C,2019-07-17 16:06:44.606965
24.4,C,2019-07-17 19:41:23.090600
24.4,C,2019-07-17 19:59:42.564889
24.35,C,2019-07-17 22:50:31.093343
24.35,C,2019-07-18 22:16:56.954411
24.35,C,2019-07-19 21:57:38.753039
24.35,C,2019-07-19 22:09:02.412663
24.35,C,2019-07-19 23:03:28.137159
24.35,C,2019-07-20 10:50:33.638397
24.35,C,2019-07-22 03:19:44.461015
24.35,C,2019-07-23 10:51:16.907759
24.4,C,2019-07-23 16:06:06.202139
24.35,C,2019-07-23 19:13:06.569484
24.35,C,2019-07-24 14:56:24.387295
24.35,C,2019-07-25 15:41:34.078188
24.4,C,2019-07-26 13:10:11.387143
24.4,C,2019-07-27 17:52:06.207678
24.35,C,2019-07-29 02:20:59.190121
24.35,C,2019-07-29 11:19:53.394568
24.35,C,2019-07-30 19:00:58.682382
24.4,C,2019-07-30 20:03:19.397526
24.35,C,2019-07-30 20:28:33.026763
24.35,C,2019-07-31 13:26:29.145855
24.35,C,2019-07-31 17:06:42.803929
24.35,C,2019-08-01 01:35:07.336408
24.4,C,2019-08-01 15:16:49.885764
24.35,C,2019-08-02 21:37:54.910552
24.4,C,2019-08-06 15:06:52.137488
24.4,C,2019-08-06 16:49:34.647704
24.35,C,2019-08-06 17:38:35.982951
24.4,C,2019-08-07 11:01:04.752024
24.4,C,2019-08-08 06:55:30.695967
24.35,C,2019-08-08 15:13:50.552416
24.35,C,2019-08-08 18:26:57.154102
24.4,C,2019-08-09 18:52:16.787103
24.35,C,2019-08-11 07:09:50.642213
24.35,C,2019-08-12 20:32:03.021854
24.4,C,2019-08-13 15:04:54.219276
24.4,C,2019-08-14 15:30:33.910827
24.4,C,2019-08-15 18:01:57.931545
24.4,C,2019-08-15 19:13:29.133462
24.4,C,2019-08-16 03:14:48.741658
24.4,C,2019-08-16 13:33:44.681178
24.35,C,2019-08-16 15:03:19.173526
24.35,C,2019-08-16 19:52:49.347858
24.35,C,2019-08-16 20:54:07.016780
24.4,C,2019-08-17 01:36:42.268098
24.4,C,2019-08-19 16:48:01.394423
24.35,C,2019-08-19 21:55:45.293040
24.4,C,2019-08-20 11:08:29.054853
24.4,C,2019-08-20 20:39:11.330243
24.35,C,2019-08-21 09:55:06.064282
24.4,C,2019-08-22 16:12:15.471212
24.35,C,2019-08-23 06:49:39.720366
24.3,C,2019-08-23 17:18:39.233946
24.4,C,2019-08-24 10:24:31.496573
24.4,C,2019-08-24 10:58:24.969271
24.35,C,2019-08-24 13:47:44.046897
24.4,C,2019-08-26 05:09:39.454315
24.4,C,2019-08-26 23:34:16.477362
24.35,C,2019-08-27 10:45:58.582912
24.4,C,2019-08-27 20:54:50.572638
24.35,C,2019-08-28 20:25:44.347090
24.35,C,2019-08-30 15:46:21.810695
24.4,C,2019-08-31 12:11:34.326335
24.4,C,2019-08-31 15:08:32.893073
24.4,C,2019-08-31 23:13:47.971695
24.35,C,2019-09-03 02:52:27.969070
24.4,C,2019-09-03 19:59:06.467273
24.4,C,2019-09-04 14:35:53.390609
24.4,C,2019-09-04 15:48:30.736185
24.35,C,2019-09-04 16:56:58.770469
24.35,C,2019-09-05 15:43:08.805712
24.4,C,2019-09-05 17:22:02.614682
24.35,C,2019-09-05 18:16:42.241097
24.35,C,2019-09-06 20:10:00.371747
24.35,C,2019-09-07 12:24:31.470390
24.35,C,2019-09-07 16:25:58.798831
24.4,C,2019-09-07 22:38:25.492187
24.4,C,2019-09-08 08:21:11.929991
24.4,C,2019-09-09 18:54:44.101451
24.35,C,2019-09-10 20:34:18.304470
24.4,C,2019-09-11 21:17:50.735738
24.35,C,2019-09-11 21:34:20.731604
24.4,C,2019-09-11 23:29:33.009275
24.4,C,2019-09-12 15:34:54.333136
24.4,C,2019-09-12 17:40:08.339441
24.4,C,2019-09-14 08:02:28.858044
24.4,C,2019-09-14 10:32:31.753701
24.4,C,2019-09-14 16:07:40.567941
24.35,C,2019-09-14 17:05:29.279675
24.35,C,2019-09-14 18:21:37.165981
24.35,C,2019-09-14 20:16:25.641846
24.4,C,2019-09-15 14:57:55.757348
24.3,C,2019-09-15 18:09:45.995068
24.4,C,2019-09-15 19:10:58.391887
24.35,C,2019-09-16 18:42:29.000433
24.4,C,2019-09-16 23:29:29.601822
24.35,C,2019-09-17 02:52:32.361019
24.4,C,2019-09-17 18:56:55.476222
24.35,C,2019-09-17 21:19:48.072431
24.4,C,2019-09-18 21:45:42.158218
24.4,C,2019-09-18 22:09:55.461633
24.35,C,2019-09-19 02:33:15.402770
24.4,C,2019-09-19 15:00:51.681743
24.35,C,2019-09-19 19:07:16.038280
24.4,C,2019-09-20 13:32:09.588538
24.35,C,2019-09-20 17:23:57.905280
24.4,C,2019-09-22 22:25:30.841302
24.4,C,2019-09-22 23:44:51.499891
24.35,C,2019-09-23 13:30:34.456812
24.35,C,2019-09-23 18:47:54.102660
24.4,C,2019-09-26 07:01:40.169934
24.35,C,2019-09-26 15:33:56.548474
24.4,C,2019-09-26 15:48:43.676914
24.4,C,2019-09-26 20:21:02.795132
24.4,C,2019-09-26 20:36:30.272172
24.35,C,2019-09-27 17:15:04.607445
24.4,C,2019-09-28 16:58:48.656430
24.4,C,2019-09-29 14:27:16.720028
24.4,C,2019-09-29 19:10:56.203999
24.4,C,2019-09-30 13:22:55.607206
24.4,C,2019-10-01 00:58:51.564736
24.35,C,2019-10-01 05:28:15.927923
24.4,C,2019-10-01 13:07:05.831183
24.35,C,2019-10-01 16:37:29.072428
24.4,C,2019-10-01 17:42:56.478538
24.35,C,2019-10-02 14:20:13.936578
24.35,C,2019-10-02 19:13:10.864502
24.4,C,2019-10-03 16:48:10.792770
24.4,C,2019-10-04 17:15:57.034858
24.35,C,2019-10-04 17:21:45.311712
24.35,C,2019-10-05 00:05:30.124741
24.4,C,2019-10-05 15:23:26.440259
24.4,C,2019-10-06 09:54:55.216497
24.35,C,2019-10-06 14:29:18.027125
24.4,C,2019-10-06 16:49:26.240632
24.4,C,2019-10-07 16:23:43.372433
24.4,C,2019-10-07 20:28:14.557875
24.35,C,2019-10-08 20:55:56.375845
24.4,C,2019-10-09 00:11:56.097667
24.4,C,2019-10-09 00:50:55.665657
24.35,C,2019-10-09 18:02:02.611403
24.4,C,2019-10-09 21:57:13.349368
24.4,C,2019-10-10 14:45:57.483888
24.4,C,2019-10-10 14:49:19.285054
24.35,C,2019-10-10 17:37:33.186585
24.35,C,2019-10-11 14:14:59.247247
24.4,C,2019-10-11 15:50:59.926459
24.35,C,2019-10-11 16:32:00.304393
24.35,C,2019-10-11 20:48:09.775939
24.4,C,2019-10-12 04:16:21.622468
24.4,C,2019-10-12 15:01:02.477181
24.4,C,2019-10-13 15:46:26.529991
24.4,C,2019-10-13 15:51:51.546357
24.35,C,2019-10-15 07:20:29.223044
24.4,A,2019-10-15 13:59:21.127489
24.35,A,2019-10-15 15:39:44.019312
24.35,A,2019-10-15 17:22:13.527112
24.4,A,2019-10-16 15:59:44.194475
24.4,A,2019-10-17 15:37:52.096877
24.35,A,2019-10-18 01:07:02.528180
24.4,A,2019-10-18 17:46:12.468443
24.35,A,2019-10-18 21:23:32.295982
24.35,A,2019-10-19 03:12:58.011125
24.4,A,2019-10-19 14:11:03.844320
24.35,A,2019-10-19 20:27:36.284121
24.35,A,2019-10-20 02:43:21.966307
24.4,A,2019-10-21 18:32:08.799869
24.3,A,2019-10-21 21:50:13.862604
24.4,A,2019-10-22 00:40:16.012736
24.4,A,2019-10-22 18:37:19.931676
24.4,A,2019-10-23 03:52:32.104883
24.4,A,2019-10-23 08:58:30.377977
24.4,A,2019-10-23 20:46:49.547669
24.4,A,2019-10-24 18:01:40.495776
24.35,A,2019-10-24 21:28:50.697666
24.3,A,2019-10-25 00:39:11.143034
24.4,A,2019-10-25 09:00:33.623836
24.4,A,2019-10-26 18:16:29.306483
24.35,A,2019-10-26 21:38:06.968876
24.4,A,2019-10-27 06:24:04.204116
24.35,A,2019-10-27 11:28:32.519462
24.4,A,2019-10-27 16:59:28.198574
24.4,A,2019-10-28 15:11:58.668159
24.4,A,2019-10-28 19:51:28.421239
24.3,A,2019-10-28 22:06:51.727591
24.35,A,2019-10-28 23:05:35.979668
24.4,A,2019-10-29 16:37:44.712129
24.3,A,2019-10-29 16:46:05.855278
24.4,A,2019-10-29 21:13:57.181549
24.4,A,2019-10-31 08:44:40.202237
24.35,A,2019-10-31 19:39:12.097796
24.35,A,2019-10-31 22:48:45.205252
24.35,A,2019-10-31 23:11:51.327693
24.4,A,2019-11-01 19:29:24.714626
24.4,A,2019-11-01 21:34:34.407303
24.35,A,2019-11-01 22:06:36.536553
24.4,A,2019-11-02 14:37:16.309884
24.35,A,2019-11-02 18:32:36.065455
24.4,A,2019-11-03 16:25:23.880993
24.4,A,2019-11-04 09:32:43.485313
24.4,A,2019-11-04 18:26:15.607768
24.35,A,2019-11-04 18:57:51.106455
24.35,A,2019-11-04 19:26:41.257541
24.4,A,2019-11-04 23:46:49.579861
24.3,A,2019-11-05 17:01:20.107466
24.35,A,2019-11-05 23:52:57.737779
24.4,A,2019-11-06 13:31:03.197783
24.4,A,2019-11-06 15:09:01.629735
24.35,A,2019-11-06 21:29:09.345307
24.4,A,2019-11-06 22:27:15.835720
24.4,A,2019-11-07 22:02:02.489802
24.4,A,2019-11-08 18:21:06.655064
24.35,A,2019-11-08 22:09:33.199312
24.35,A,2019-11-08 22:20:33.754823
24.35,A,2019-11-08 23:23:49.703596
24.4,A,2019-11-08 23:46:58.541045
24.35,A,2019-11-09 07:56:34.215472
24.4,A,2019-11-09 19:49:11.192533
24.35,A,2019-11-09 21:55:58.669326
24.4,A,2019-11-11 22:19:27.835713
24.4,A,2019-11-12 06:46:01.101370
24.35,A,2019-11-12 15:28:11.811700
24.4,A,2019-11-12 15:30:33.329828
24.35,A,2019-11-13 16:23:14.376924
24.4,A,2019-11-13 20:29:54.555373
24.4,A,2019-11-14 19:53:30.772341
24.35,A,2019-11-14 21:49:33.118933
24.4,A,2019-11-15 20:33:15.393592
24.35,A,2019-11-16 00:37:22.389881
24.4,A,2019-11-16 02:06:53.204462
24.4,A,2019-11-16 09:52:44.019154
24.4,A,2019-11-16 23:03:16.387561
24.35,A,2019-11-17 11:24:49.530106
24.4,A,2019-11-17 14:26:24.228428
24.4,A,2019-11-17 16:58:09.315160
24.4,A,2019-11-17 20:04:30.785019
24.4,A,2019-11-18 17:50:40.335372
24.4,A,2019-11-20 02:50:55.868927
24.4,A,2019-11-20 18:21:42.313911
24.35,A,2019-11-21 18:37:15.853192
24.4,A,2019-11-22 12:57:14.864948
24.4,A,2019-11-22 20:24:57.042010
24.4,A,2019-11-23 13:04:57.379075
24.4,A,2019-11-23 22:42:06.905712
24.35,A,2019-11-24 15:59:38.174914
24.35,A,2019-11-25 17:03:00.349819
24.35,A,2019-11-25 23:43:30.554999
24.35,A,2019-11-26 10:57:40.521657
24.4,A,2019-11-26 21:04:46.361139
24.4,A,2019-11-27 18:10:37.725697
24.4,A,2019-11-28 10:55:22.611736
24.4,A,2019-11-28 14:11:48.512332
24.4,A,2019-11-28 15:13:31.715707
24.4,A,2019-11-28 17:06:09.802296
24.4,A,2019-11-28 17:48:25.272767
24.35,A,2019-11-28 20:20:07.504853
24.35,A,2019-11-28 21:37:30.767011
24.4,A,2019-11-28 22:06:55.948143
24.35,A,2019-11-29 16:21:17.742254
24.35,A,2019-11-29 17:13:41.879521
24.4,A,2019-11-29 19:20:28.808840
24.4,A,2019-11-29 21:10:17.988893
24.4,B,2019-11-29 21:18:35.667097
24.35,B,2019-11-29 22:33:44.023315
24.4,B,2019-11-29 22:34:18.810951
24.4,B,2019-11-30 15:23:27.086407
24.4,B,2019-11-30 15:23:51.628738
24.4,B,2019-11-30 17:44:05.854528
24.4,B,2019-11-30 20:36:15.543871
24.4,B,2019-12-01 11:04:06.790731
24.4,B,2019-12-01 13:05:48.196299
24.4,B,2019-12-01 17:14:42.714873
24.4,B,2019-12-02 09:34:24.046920
24.35,B,2019-12-02 19:30:26.662393
24.35,B,2019-12-03 20:37:22.705363
24.4,B,2019-12-04 14:25:24.830082
24.35,B,2019-12-04 18:42:06.446351
24.35,B,2019-12-05 18:59:03.026986
24.4,B,2019-12-06 14:43:27.517984
24.4,B,2019-12-06 14:45:46.737406
24.35,B,2019-12-06 18:42:10.067223
24.35,B,2019-12-07 01:13:43.047567
24.4,B,2019-12-07 16:25:19.835440
24.4,B,2019-12-07 17:07:41.499042
24.4,B,2019-12-07 20:59:17.668902
24.4,B,2019-12-08 10:09:51.950351
24.35,B,2019-12-08 21:49:36.376199
24.4,B,2019-12-09 10:36:16.541545
24.4,B,2019-12-09 12:20:36.076230
24.35,B,2019-12-09 15:19:28.556556
24.4,B,2019-12-10 11:18:36.300243
24.4,B,2019-12-10 17:44:32.043529
24.4,B,2019-12-10 19:22:22.839637
24.4,B,2019-12-11 02:18:52.715178
24.4,B,2019-12-11 11:12:37.428106
24.35,B,2019-12-11 23:43:41.522689
24.4,B,2019-12-12 21:28:11.337423
24.4,B,2019-12-14 01:43:53.808295
24.35,B,2019-12-14 14:14:08.979423
24.4,B,2019-12-15 16:38:35.027294
24.35,B,2019-12-15 21:17:50.758057
24.4,B,2019-12-16 14:42:10.090067
24.4,B,2019-12-16 17:20:42.576526
24.35,B,2019-12-17 15:50:19.419842
24.35,B,2019-12-17 19:22:31.036439
24.4,B,2019-12-18 03:26:31.163823
24.4,B,2019-12-18 09:17:44.385374
24.35,B,2019-12-18 17:34:21.528740
24.35,B,2019-12-18 17:53:20.241803
24.35,B,2019-12-18 22:07:13.688418
24.35,B,2019-12-19 18:47:55.252664
24.4,B,2019-12-21 04:15:08.407974
24.35,B,2019-12-22 00:09:52.429922
24.35,B,2019-12-22 17:08:01.460982
24.4,B,2019-12-22 19:42:54.569725
24.4,B,2019-12-22 22:21:54.579626
24.4,B,2019-12-23 06:05:46.889722
24.4,B,2019-12-23 12:20:28.809031
24.35,B,2019-12-23 16:16:19.902403
24.35,B,2019-12-24 19:32:54.236083
24.4,B,2019-12-25 14:23:10.281654
24.35,B,2019-12-25 21:17:40.773934
24.4,B,2019-12-26 09:08:17.408803
24.35,B,2019-12-26 20:40:26.611382
24.35,B,2019-12-26 22:25:16.434695
24.35,B,2019-12-27 19:28:51.281689
24.4,B,2019-12-27 21:49:36.781350
24.4,B,2019-12-27 23:26:21.922991
24.4,B,2019-12-29 21:46:30.014114
24.4,B,2019-12-30 16:24:47.063618
24.4,B,2019-12-31 06:23:15.279223
24.35,B,2020-01-01 10:44:38.113634
24.35,B,2020-01-01 21:18:29.981404
24.4,B,2020-01-02 12:53:08.409921
24.4,B,2020-01-03 05:55:00.903272
24.4,B,2020-01-03 17:58:35.625812
24.35,B,2020-01-04 21:19:38.437266
24.4,B,2020-01-05 11:16:44.215997
24.35,B,2020-01-06 19:00:09.677877
24.35,B,2020-01-07 11:54:57.423771
24.4,B,2020-01-07 23:34:15.746879
24.4,B,2020-01-08 01:59:05.160300
24.35,B,2020-01-08 14:16:54.202246
24.4,B,2020-01-09 22:32:02.929002
24.3,B,2020-01-09 23:29:32.592349
24.35,B,2020-01-10 02:50:43.833183
24.4,B,2020-01-10 13:39:55.241511
24.4,B,2020-01-11 18:41:08.153388
24.35,B,2020-01-12 21:24:51.964650
24.4,B,2020-01-13 17:35:17.210607
24.4,B,2020-01-13 20:55:47.460438
24.4,B,2020-01-14 15:51:49.183684
24.35,B,2020-01-14 16:05:41.038996
24.4,B,2020-01-14 18:04:21.925275
24.4,B,2020-01-14 18:20:24.803068
24.4,B,2020-01-14 23:15:49.539574
24.35,B,2020-01-15 02:33:18.568782
24.35,B,2020-01-15 21:05:50.831221
24.4,B,2020-01-16 18:09:07.086990
24.35,B,2020-01-16 19:52:03.103467
24.4,B,2020-01-16 21:19:41.848766
24.4,B,2020-01-17 13:39:31.121929
24.4,B,2020-01-17 18:46:08.604352
24.3,B,2020-01-17 21:52:28.209533
24.35,B,2020-01-18 01:55:20.277648
24.35,B,2020-01-18 04:33:41.687740
24.4,B,2020-01-18 14:25:53.976441
24.4,B,2020-01-18 14:27:51.548618
24.4,B,2020-01-18 19:57:15.254657
24.4,B,2020-01-19 10:24:19.218988
24.4,B,2020-01-19 13:17:06.922303
24.35,B,2020-01-19 19:25:13.824238
24.35,B,2020-01-20 20:07:09.724898
24.35,B,2020-01-20 22:09:29.005659
24.35,B,2020-01-21 15:59:58.713958
24.35,B,2020-01-22 16:59:32.667285
24.35,B,2020-01-22 17:01:58.987217
24.4,B,2020-01-22 21:05:37.104066
24.35,B,2020-01-22 22:20:36.535087
24.4,B,2020-01-23 22:52:15.407096
24.4,B,2020-01-24 15:08:43.667568
24.3,B,2020-01-24 22:13:44.417104
24.4,B,2020-01-26 03:38:39.569824
24.4,B,2020-01-27 20:49:46.157296
24.4,B,2020-01-27 20:51:12.347596
24.4,B,2020-01-27 23:57:11.303448
24.35,B,2020-01-28 01:34:29.839660
24.35,B,2020-01-28 17:25:50.153461
24.4,B,2020-01-30 10:54:17.696631
24.35,B,2020-01-30 19:06:22.299242
24.4,B,2020-01-31 18:49:31.644350
24.4,B,2020-01-31 20:34:56.968066
24.35,B,2020-01-31 23:40:37.847830
24.4,B,2020-02-01 01:32:41.420061
24.35,B,2020-02-01 01:33:37.875073
24.4,B,2020-02-01 01:41:10.459612
24.4,B,2020-02-02 15:04:05.880735
24.3,B,2020-02-02 21:58:34.366584
24.4,B,2020-02-03 10:11:38.196885
24.35,B,2020-02-03 19:02:18.354527
24.35,B,2020-02-04 15:48:29.520382
24.4,B,2020-02-05 00:23:46.921342
24.4,B,2020-02-05 14:09:11.650704
24.4,B,2020-02-05 18:14:45.105400
24.4,B,2020-02-05 20:34:27.547201
24.35,B,2020-02-05 21:02:12.716346
24.4,B,2020-02-06 13:08:49.517091
24.35,B,2020-02-06 18:51:58.509264
24.4,B,2020-02-06 19:11:23.270921
24.4,B,2020-02-07 17:13:12.611435
24.4,B,2020-02-07 18:09:03.542509
24.35,B,2020-02-08 00:09:11.319678
24.4,B,2020-02-09 10:23:25.253100
24.4,B,2020-02-10 16:03:00.110641
24.3,B,2020-02-10 20:50:18.672834
24.4,B,2020-02-11 01:07:36.645926
24.3,B,2020-02-11 12:52:48.367065
24.4,B,2020-02-11 13:12:24.000753
24.35,B,2020-02-12 00:58:38.215914
24.35,B,2020-02-12 16:13:52.755790
24.4,B,2020-02-13 12:49:00.042791
24.4,B,2020-02-13 23:27:38.790472
24.35,B,2020-02-14 23:11:00.073285
24.4,B,2020-02-15 06:34:11.043310
24.35,B,2020-02-17 15:39:57.168128
24.4,B,2020-02-18 22:27:33.956864
24.35,B,2020-02-19 09:41:19.075156
24.35,B,2020-02-19 11:00:35.228427
24.4,B,2020-02-19 12:45:21.896286
24.4,B,2020-02-19 16:06:35.056491
24.4,B,2020-02-19 20:36:49.517525
24.35,B,2020-02-20 22:30:18.886123
24.4,B,2020-02-21 17:14:26.897727
24.4,B,2020-02-21 18:30:49.355292
24.35,B,2020-02-21 21:34:43.393968
24.4,B,2020-02-22 14:15:11.540522
24.4,B,2020-02-22 15:06:05.582595
24.4,B,2020-02-22 15:41:15.205550
24.35,B,2020-02-23 05:12:26.007142
24.4,B,2020-02-23 08:32:45.844798
24.35,B,2020-02-23 09:19:36.355784
24.4,B,2020-02-24 02:15:11.256538
24.35,B,2020-02-24 17:08:18.945285
24.4,C,2020-02-24 17:49:21.609030
24.4,C,2020-02-28 13:39:36.635972
24.4,C,2020-02-28 18:08:48.729535
24.4,C,2020-02-28 18:41:14.859795
24.4,C,2020-02-29 21:26:30.797940
24.4,C,2020-03-02 21:52:18.283526
24.4,C,2020-03-05 04:01:59.419507
24.4,C,2020-03-05 10:27:52.680669
24.4,C,2020-03-05 12:17:26.209730
24.4,C,2020-03-05 15:44:24.803403
24.4,C,2020-03-05 17:39:12.016692
24.4,C,2020-03-05 22:33:04.363825
24.35,C,2020-03-06 21:59:09.525623
24.4,C,2020-03-07 08:23:25.701228
24.4,C,2020-03-08 19:58:45.595883
24.35,C,2020-03-08 21:24:35.897369
24.4,C,2020-03-09 16:27:37.087634
24.3,C,2020-03-09 18:38:45.713186
24.4,C,2020-03-09 21:02:11.764453
24.35,C,2020-03-10 20:36:48.933227
24.4,C,2020-03-12 09:50:50.542802
24.35,C,2020-03-13 15:58:53.158231
24.4,C,2020-03-13 17:11:58.240880
24.4,C,2020-03-13 17:20:08.704597
24.35,C,2020-03-16 17:34:55.287709
24.4,C,2020-03-16 18:35:16.753948
24.4,C,2020-03-17 11:04:50.989633
24.35,C,2020-03-17 20:41:38.449989
24.4,C,2020-03-18 13:36:04.584986
24.4,C,2020-03-19 04:38:07.723670
24.4,C,2020-03-19 18:30:25.563762
24.35,C,2020-03-20 01:12:09.321446
24.35,C,2020-03-20 16:12:57.819755
24.35,C,2020-03-21 00:16:19.694504
24.4,C,2020-03-23 12:36:03.965401
24.4,C,2020-03-23 13:41:01.203391
24.35,C,2020-03-23 17:50:37.982798
24.4,C,2020-03-24 00:59:05.197565
24.4,C,2020-03-24 19:54:11.537160
24.4,C,2020-03-24 22:35:11.462914
24.4,C,2020-03-25 06:56:28.155874
24.4,C,2020-03-25 19:48:34.312487
24.4,C,2020-03-26 10:12:00.877884
24.4,C,2020-03-26 20:12:24.145171
24.4,C,2020-03-27 03:55:04.766044
24.3,C,2020-03-27 14:48:42.054967
24.4,C,2020-03-27 15:28:18.220412
24.4,C,2020-03-27 15:48:34.157500
24.4,C,2020-03-27 16:41:26.804845
24.35,C,2020-03-28 16:32:21.269558
24.4,C,2020-03-29 16:37:43.492732
24.4,C,2020-03-30 15:05:07.309341
24.4,C,2020-03-30 16:44:05.200191
24.35,C,2020-03-30 16:58:16.494265
24.35,C,2020-03-31 15:28:52.803847
24.4,C,2020-03-31 16:52:44.762135
24.4,C,2020-03-31 20:40:25.086336
24.4,C,2020-04-01 13:42:20.315974
24.4,C,2020-04-01 19:28:33.971963
24.4,C,2020-04-02 06:18:58.396924
24.4,C,2020-04-02 10:41:50.071529
24.3,C,2020-04-02 15:31:33.178666
24.3,C,2020-04-02 18:27:43.732163
24.4,C,2020-04-02 18:51:32.351160
24.4,C,2020-04-03 04:59:04.207760
24.4,C,2020-04-03 05:16:48.763003
24.4,C,2020-04-03 14:21:40.225497
24.4,C,2020-04-03 15:17:26.625417
24.4,C,2020-04-03 17:05:13.393465
24.4,C,2020-04-03 18:57:05.665769
24.4,C,2020-04-03 20:03:56.124588
24.4,C,2020-04-03 21:29:11.506574
24.35,C,2020-04-05 07:15:23.815785
24.35,C,2020-04-05 12:59:26.606353
24.35,C,2020-04-05 19:02:17.443213
24.4,C,2020-04-05 20:08:45.544277
24.4,C,2020-04-05 20:17:51.295853
24.3,C,2020-04-06 08:06:58.317599
24.4,C,2020-04-07 01:37:54.469094
24.35,C,2020-04-07 16:44:09.853574
24.3,C,2020-04-07 23:25:43.097102
24.4,C,2020-04-07 23:55:02.578312
24.4,C,2020-04-08 06:14:37.998618
24.4,C,2020-04-11 01:22:03.576936
24.4,C,2020-04-11 06:36:40.438468
24.35,C,2020-04-11 17:37:30.255196
24.4,C,2020-04-11 17:38:48.180788
24.4,C,2020-04-12 10:03:44.458943
24.35,C,2020-04-12 18:31:10.667240
24.4,C,2020-04-12 20:59:12.555434
24.3,C,2020-04-13 17:25:25.865521
24.35,C,2020-04-13 21:23:57.978949
24.35,C,2020-04-14 16:01:08.722431
24.4,C,2020-04-15 01:14:39.165630
24.4,C,2020-04-15 23:26:24.169164
24.4,C,2020-04-16 09:46:45.602471
24.4,C,2020-04-16 12:01:44.082198
24.3,C,2020-04-16 15:40:41.215387
24.35,C,2020-04-18 18:16:41.775839
24.3,C,2020-04-20 01:06:42.873579
24.4,C,2020-04-20 18:57:41.299723
24.4,C,2020-04-21 14:13:44.737826
24.35,C,2020-04-21 20:58:21.523765
24.35,C,2020-04-22 15:14:30.454708
24.3,C,2020-04-22 21:32:16.662122
24.4,C,2020-04-23 10:51:27.351939
24.35,C,2020-04-23 16:02:55.828705
24.3,C,2020-04-23 17:38:58.968249
24.35,C,2020-04-23 18:13:47.887377
24.4,C,2020-04-24 02:21:38.787806
24.4,C,2020-04-24 15:12:06.982299
24.4,C,2020-04-24 20:25:08.250662
24.4,C,2020-04-25 14:40:23.078248
24.35,C,2020-04-25 20:09:12.305060
24.35,C,2020-04-26 17:29:01.076294
24.4,C,2020-04-27 00:23:51.081525
24.35,C,2020-04-27 16:42:24.483486
24.4,C,2020-04-28 15:37:33.830864
24.35,C,2020-04-28 15:54:08.258991
24.4,C,2020-04-28 18:36:50.864911
24.4,C,2020-04-28 19:17:25.539584
24.4,C,2020-04-29 07:16:58.309778
24.4,C,2020-04-29 20:46:41.865903
24.35,C,2020-04-29 21:00:02.063054
24.3,C,2020-04-29 21:01:12.080811
24.4,C,2020-04-29 21:26:16.964645
24.4,C,2020-04-29 22:39:15.739529
24.35,C,2020-04-29 23:38:42.034801
24.35,C,2020-04-30 01:05:37.589481
24.4,C,2020-04-30 01:06:06.907676
24.4,C,2020-04-30 05:14:22.941308
24.4,C,2020-04-30 09:31:34.286280
24.4,C,2020-04-30 13:21:24.849000
24.4,C,2020-04-30 15:41:16.640912
24.4,C,2020-04-30 19:13:35.756409
24.3,C,2020-05-01 05:04:07.324895
24.4,C,2020-05-01 15:27:12.500956
24.4,C,2020-05-01 16:23:47.274197
24.35,C,2020-05-01 18:33:00.164230
24.4,C,2020-05-01 20:48:52.456693
24.4,C,2020-05-01 21:15:25.449727
24.4,C,2020-05-02 03:13:44.377892
24.4,C,2020-05-02 08:28:30.853774
24.4,C,2020-05-02 09:37:35.104366
24.4,C,2020-05-02 10:50:31.403691
24.4,C,2020-05-02 15:21:05.598508
24.4,C,2020-05-02 15:47:40.913645
24.4,C,2020-05-02 15:59:40.072038
24.4,C,2020-05-02 17:24:59.111485
24.4,C,2020-05-02 18:07:48.731579
24.4,C,2020-05-02 18:54:32.539258
24.3,C,2020-05-02 21:17:30.481730
